platform,path,submit,cpuwait,payload_bytes,n,runs,rt_p50,rt_p99,g2c_p50,g2c_p99,c2g_p50,c2g_p99,cpu_read_p50,cpu_write_p50,copy_g2c_p50,copy_c2g_p50,eff_bw_GBps
P-3060,empty,chain,block,0,6000,3,62.464,102.41024000000023,34.6,68.14788000000026,28.036,31.601200000000027,0.1,0.1,,,
P-3060,empty,chain,spin,0,6000,3,60.416,99.36032,32.26,64.94136000000013,28.26,30.81608,0.1,0.0,,,
P-3060,empty,perpass,block,0,6000,3,70.656,116.88320000000043,34.492,62.73064000000014,35.812,44.41212,0.1,0.0,,,
P-3060,empty,perpass,spin,0,6000,3,66.56,109.57824000000022,32.324,68.36708000000007,34.256,40.98072000000001,0.1,0.0,,,
P-3060,s1_copy,chain,block,4096,6000,3,76.384,114.3862400000004,40.812,62.67780000000004,34.944,37.82012,0.5,0.2,2.848,4.576,0.10724759111855887
P-3060,s1_copy,chain,block,65536,6000,3,92.64,125.21792000000003,47.36,71.49236000000036,39.704,41.62416,3.5,2.1,4.352,9.376,1.4148531951640761
P-3060,s1_copy,chain,block,262144,6000,3,134.144,180.224,57.724,93.47624000000019,55.022000000000006,58.28808,13.0,8.1,21.504,25.6,3.908396946564886
P-3060,s1_copy,chain,block,1048576,6000,3,314.368,399.37024000000025,118.594,163.1571200000002,115.156,120.86972000000003,48.9,32.4,81.92,84.992,6.671009771986971
P-3060,s1_copy,chain,block,4194304,6000,3,1153.536,1358.848,423.01800000000003,594.3968800000004,355.972,385.27664000000004,214.4,129.4,327.68,322.56,7.27208166888593
P-3060,s1_copy,chain,block,16777216,6000,3,4049.92,4584.46848,1425.476,1700.1881600000004,1307.14,1578.09024,781.0,512.6,1280.0,1273.6,8.285208596713021
P-3060,s1_copy,chain,spin,4096,6000,3,73.76,119.65376000000012,38.834,78.32536000000003,34.496,36.456120000000006,0.4,0.2,2.848,4.576,0.11106290672451194
P-3060,s1_copy,chain,spin,65536,6000,3,89.568,128.78688000000042,45.162,74.78776000000009,39.162,41.36804,3.4,2.1,4.384,9.376,1.4633797784923188
P-3060,s1_copy,chain,spin,262144,6000,3,131.072,178.18624000000023,55.724,84.83744000000011,54.68,57.28448000000001,13.2,8.1,21.504,25.6,3.9999999999999996
P-3060,s1_copy,chain,spin,1048576,6000,3,312.32,407.56224000000026,116.31,151.05408000000003,114.822,119.50056000000001,49.0,32.0,81.92,84.992,6.714754098360656
P-3060,s1_copy,chain,spin,4194304,6000,3,1074.176,1298.4627200000007,380.854,527.3946400000001,355.0,381.65824000000003,192.3,129.6,329.728,322.56,7.8093422306959015
P-3060,s1_copy,chain,spin,16777216,6000,3,3983.36,4583.44448,1366.674,1754.8209600000007,1306.82,1586.8101600000002,762.1,512.5,1281.024,1273.856,8.423650385604113
P-3060,s1_copy,perpass,block,4096,6000,3,84.992,111.93728000000003,41.288,60.84148000000003,43.084,54.24828,0.5,0.2,2.848,4.56,0.09638554216867469
P-3060,s1_copy,perpass,block,65536,6000,3,101.248,128.48096,47.588,65.61296000000002,47.888,57.024240000000006,3.6,2.1,4.352,9.344,1.2945638432364097
P-3060,s1_copy,perpass,block,262144,6000,3,143.36,173.056,58.076,80.34852000000001,63.574,73.83256,13.5,8.2,21.504,25.6,3.657142857142857
P-3060,s1_copy,perpass,block,1048576,6000,3,327.68,392.192,119.012,143.40476,125.508,138.09468000000007,50.1,32.5,81.92,84.992,6.4
P-3060,s1_copy,perpass,block,4194304,6000,3,1153.024,1352.704,428.44,613.61752,368.572,391.60228000000006,210.7,129.6,331.776,322.56,7.275310834813499
P-3060,s1_copy,perpass,block,16777216,6000,3,4107.264,4507.678720000001,1449.1799999999998,1685.0052800000003,1324.766,1380.28788,791.5,511.9,1276.928,1273.856,8.169533782099228
P-3060,s1_copy,perpass,spin,4096,6000,3,79.456,103.05024000000023,37.448,53.89244000000045,41.18,46.508,0.4,0.2,2.816,4.576,0.10310108739428112
P-3060,s1_copy,perpass,spin,65536,6000,3,95.712,123.15104000000032,43.864,65.35304000000002,45.868,51.616720000000015,3.6,2.1,4.352,9.344,1.3694416583082583
P-3060,s1_copy,perpass,spin,262144,6000,3,137.216,167.94624000000024,54.1,76.46104000000001,61.492,68.20824,13.4,8.2,21.504,25.6,3.8208955223880596
P-3060,s1_copy,perpass,spin,1048576,6000,3,318.464,359.424,114.536,138.77244,122.908,133.84920000000005,48.8,32.4,81.92,84.992,6.585209003215435
P-3060,s1_copy,perpass,spin,4194304,6000,3,1084.416,1248.2662400000004,382.412,525.16808,366.62,394.07428000000004,190.8,129.7,327.68,322.56,7.735599622285175
P-3060,s1_copy,perpass,spin,16777216,6000,3,4024.8320000000003,4423.690240000001,1401.05,1677.0982800000004,1319.4,1367.9088,773.45,514.2,1280.512,1273.76,8.33685281770767
P-3060,s2_coherent,chain,block,4096,6000,3,121.856,171.1552000000004,34.912,60.66616000000005,29.201999999999998,31.628,57.6,0.2,,,0.06722689075630252
P-3060,s2_coherent,chain,block,65536,6000,3,995.328,1170.4934400000013,35.372,91.68280000000007,31.244,36.44500000000002,926.4,2.1,,,0.13168724279835392
P-3060,s2_coherent,chain,block,262144,6000,3,3913.728,4343.8182400000005,37.824,147.81248000000002,32.144,148.10432000000003,3825.5,8.2,,,0.13396127681841968
P-3060,s2_coherent,chain,block,1048576,6000,3,15500.288,16451.6352,38.732,133.81532000000036,54.566,174.17084000000023,15368.2,32.2,,,0.13529761511528046
P-3060,s2_coherent,chain,block,4194304,6000,3,61576.704,64570.48064,111.858,284.97740000000005,68.98400000000001,192.56900000000005,61263.8,128.1,,,0.13623022109140498
P-3060,s2_coherent,chain,block,16777216,6000,3,240027.21600000001,255578.75712,146.85399999999998,301.4174400000001,87.768,205.80004000000002,239201.95,510.6,,,0.13979428066190627
P-3060,s2_coherent,chain,spin,4096,6000,3,116.736,151.552,30.356,55.948800000000105,28.304,29.800040000000003,57.9,0.2,,,0.07017543859649124
P-3060,s2_coherent,chain,spin,65536,6000,3,991.232,1168.4051200000006,32.684,68.40308000000016,29.22,33.51632000000001,926.6,2.1,,,0.13223140495867772
P-3060,s2_coherent,chain,spin,262144,6000,3,3810.304,4295.690240000001,32.696,131.13356000000005,31.528,73.40712000000025,3726.1,8.1,,,0.13759742004837408
P-3060,s2_coherent,chain,spin,1048576,6000,3,15063.04,16250.9312,36.2,144.80372000000008,55.864000000000004,150.87856000000005,14927.55,32.0,,,0.13922501699524134
P-3060,s2_coherent,chain,spin,4194304,6000,3,60171.776,64125.96224,54.906000000000006,165.28784000000016,70.324,189.34904000000003,59906.75,127.6,,,0.13941100890889446
P-3060,s2_coherent,chain,spin,16777216,6000,3,239800.32,254592.53312,59.153999999999996,138.26156000000003,82.49799999999999,202.76468000000003,239101.7,510.4,,,0.13992655222478437
P-3060,s2_coherent,perpass,block,4096,6000,3,129.12,165.89824000000024,34.676,48.23896000000024,36.873999999999995,44.336,57.6,0.2,,,0.0634448574969021
P-3060,s2_coherent,perpass,block,65536,6000,3,1007.616,1161.216,35.112,53.04176000000004,38.336,61.072280000000006,929.4,2.1,,,0.13008130081300812
P-3060,s2_coherent,perpass,block,262144,6000,3,3831.808,4194.335040000001,36.532,77.14672000000006,42.068,113.59384000000004,3735.55,8.2,,,0.13682522715125603
P-3060,s2_coherent,perpass,block,1048576,6000,3,15072.256,16144.384,38.39,133.33400000000003,72.93,173.99444000000005,14920.150000000001,32.0,,,0.13913988722059922
P-3060,s2_coherent,perpass,block,4194304,6000,3,60194.335999999996,64301.18912,120.146,297.83364,97.188,241.7558800000001,59795.600000000006,127.5,,,0.13935875960156782
P-3060,s2_coherent,perpass,block,16777216,6000,3,239366.208,250721.86368,149.342,304.0131200000001,121.378,256.52424,238537.05,509.7,,,0.1401803215264203
P-3060,s2_coherent,perpass,spin,4096,6000,3,126.976,151.552,31.456,39.828160000000004,35.632,40.37216,59.9,0.2,,,0.06451612903225806
P-3060,s2_coherent,perpass,spin,65536,6000,3,1032.192,1123.3587200000006,31.066000000000003,41.92956000000029,37.704,61.02420000000001,960.75,2.1,,,0.126984126984127
P-3060,s2_coherent,perpass,spin,262144,6000,3,3837.056,4232.346560000003,33.624,54.67832000000005,42.148,119.88552000000003,3745.45,8.1,,,0.13663808920172135
P-3060,s2_coherent,perpass,spin,1048576,6000,3,15055.872,16091.17696,35.912,128.94444,69.984,171.26096,14914.6,32.1,,,0.13929130109501464
P-3060,s2_coherent,perpass,spin,4194304,6000,3,60132.864,64388.40608000001,57.772000000000006,144.60444,96.674,237.90048000000002,59812.4,127.4,,,0.139501221827718
P-3060,s2_coherent,perpass,spin,16777216,6000,3,239881.776,253396.08064,63.254,139.08812,137.18200000000002,260.50908,239116.8,510.2,,,0.13987903774732768
P-3060,s2_direct,chain,block,4096,6000,3,63.488,101.376,34.736,69.99708000000003,28.144,30.61604,0.4,0.2,,,0.12903225806451613
P-3060,s2_direct,chain,block,65536,6000,3,68.608,114.688,34.74,76.90968000000048,28.172,30.292040000000004,3.5,2.1,,,1.9104477611940298
P-3060,s2_direct,chain,block,262144,6000,3,84.992,129.024,34.756,70.87504000000015,28.166,30.64008,13.5,8.2,,,6.16867469879518
P-3060,s2_direct,chain,block,1048576,6000,3,145.408,216.1376000000002,35.228,86.76520000000002,28.884,32.64888000000002,49.0,32.4,,,14.42253521126761
P-3060,s2_direct,chain,block,4194304,6000,3,460.8,613.3868800000002,88.042,206.7651600000003,32.032,37.18432000000001,210.5,129.4,,,18.204444444444448
P-3060,s2_direct,chain,block,16777216,6000,3,1451.008,1786.88,100.53800000000001,220.90616000000006,33.61,59.59252000000001,793.4,512.5,,,23.124911785462245
P-3060,s2_direct,chain,spin,4096,6000,3,59.392,88.36960000000039,30.612,58.94488000000002,28.3,30.000120000000003,0.4,0.2,,,0.13793103448275862
P-3060,s2_direct,chain,spin,65536,6000,3,64.512,89.09824000000022,30.536,49.94136000000038,28.404,30.06008,3.6,2.1,,,2.031746031746032
P-3060,s2_direct,chain,spin,262144,6000,3,80.064,113.8009600000002,30.812,57.76416000000027,28.204,29.980040000000002,13.2,8.2,,,6.548361310951241
P-3060,s2_direct,chain,spin,1048576,6000,3,142.336,211.968,32.464,73.57228000000035,28.58,31.256120000000003,49.1,32.5,,,14.733812949640285
P-3060,s2_direct,chain,spin,4194304,6000,3,388.096,529.680960000001,34.628,78.84832000000009,31.24,35.260200000000005,192.4,129.6,,,21.614775725593667
P-3060,s2_direct,chain,spin,16777216,6000,3,1391.616,1684.4819200000002,45.18,126.77204,32.496,55.37640000000019,786.9,513.6,,,24.111846946284036
P-3060,s2_direct,perpass,block,4096,6000,3,71.68,107.79296000000107,34.78,66.21944000000006,36.028,42.01220000000001,0.5,0.2,,,0.11428571428571428
P-3060,s2_direct,perpass,block,65536,6000,3,75.968,111.61856000000006,34.604,65.90932000000004,36.044,42.728120000000004,3.6,2.1,,,1.725358045492839
P-3060,s2_direct,perpass,block,262144,6000,3,92.16,139.27424000000025,34.772,73.39520000000016,36.124,46.280240000000006,13.4,8.2,,,5.688888888888889
P-3060,s2_direct,perpass,block,1048576,6000,3,158.72,229.38624000000024,35.048,84.98312000000016,38.452,55.26012,50.2,32.2,,,13.212903225806452
P-3060,s2_direct,perpass,block,4194304,6000,3,471.04,578.5628800000001,84.288,157.17256,44.03,62.112560000000016,208.0,129.3,,,17.808695652173913
P-3060,s2_direct,perpass,block,16777216,6000,3,1452.032,1763.3382400000003,97.47200000000001,170.07172000000008,46.372,83.49760000000003,793.25,512.5,,,23.108603667136816
P-3060,s2_direct,perpass,spin,4096,6000,3,66.56,89.15264000000002,31.948,46.81672000000002,34.16,38.876680000000015,0.5,0.2,,,0.12307692307692307
P-3060,s2_direct,perpass,spin,65536,6000,3,71.84,96.35264000000002,32.396,45.913680000000035,34.204,39.27632000000001,3.6,2.1,,,1.8244988864142537
P-3060,s2_direct,perpass,spin,262144,6000,3,88.288,122.89024000000022,32.668,52.66216000000004,34.42,40.15612,13.5,8.2,,,5.938383472272563
P-3060,s2_direct,perpass,spin,1048576,6000,3,151.744,209.92032,32.852,59.13744000000012,36.764,44.728760000000015,49.6,32.6,,,13.820328975115986
P-3060,s2_direct,perpass,spin,4194304,6000,3,409.6,507.0803200000002,49.636,126.17632,42.22,53.848,190.3,129.5,,,20.48
P-3060,s2_direct,perpass,spin,16777216,6000,3,1390.592,1698.816,48.623999999999995,135.37056000000004,44.972,80.33460000000005,777.6,511.4,,,24.129602356406483
P-3060,s2_hostcached,chain,block,4096,6000,3,63.488,100.38272000000067,34.6,68.48032,28.364,30.316440000000007,0.5,0.3,,,0.12903225806451613
P-3060,s2_hostcached,chain,block,65536,6000,3,69.632,110.8569600000002,34.658,69.98436000000018,28.368,30.31208,3.4,3.2,,,1.8823529411764706
P-3060,s2_hostcached,chain,block,262144,6000,3,89.088,136.20224000000024,34.906000000000006,68.66708000000007,28.42,30.716240000000006,13.5,12.3,,,5.885057471264369
P-3060,s2_hostcached,chain,block,1048576,6000,3,162.08,231.43424000000024,35.176,72.84228000000006,30.184,33.30804,49.2,47.5,,,12.938993089832183
P-3060,s2_hostcached,chain,block,4194304,6000,3,526.336,664.5862400000002,91.372,147.99776000000037,32.356,37.57644000000001,208.4,196.4,,,15.93774319066148
P-3060,s2_hostcached,chain,block,16777216,6000,3,1921.136,2272.5299200000004,153.548,263.5912400000001,34.864,71.26552000000002,813.05,909.5,,,17.465932656511566
P-3060,s2_hostcached,chain,spin,4096,6000,3,59.392,93.184,30.48,60.43804000000057,28.146,29.44808,0.5,0.3,,,0.13793103448275862
P-3060,s2_hostcached,chain,spin,65536,6000,3,66.56,106.496,30.568,60.86508000000063,28.108,29.472040000000003,4.3,3.2,,,1.9692307692307691
P-3060,s2_hostcached,chain,spin,262144,6000,3,84.992,146.432,30.656,72.15496000000006,28.132,29.872280000000007,13.3,12.1,,,6.16867469879518
P-3060,s2_hostcached,chain,spin,1048576,6000,3,156.672,238.59264000000002,30.884,72.03340000000013,29.772,31.824160000000006,48.8,47.5,,,13.38562091503268
P-3060,s2_hostcached,chain,spin,4194304,6000,3,470.016,606.2518400000002,49.148,75.64956000000004,32.076,35.408240000000006,194.2,199.0,,,17.847494553376908
P-3060,s2_hostcached,chain,spin,16777216,6000,3,1806.336,2134.02624,52.26,131.71684000000002,33.452,68.13328000000003,767.7,904.2,,,18.575963718820862
P-3060,s2_hostcached,perpass,block,4096,6000,3,70.848,103.424,34.616,63.19368000000013,35.796,43.92048000000001,0.5,0.3,,,0.11562782294489611
P-3060,s2_hostcached,perpass,block,65536,6000,3,77.824,110.84832,34.604,62.00244000000005,36.036,44.10208000000004,3.6,3.2,,,1.6842105263157896
P-3060,s2_hostcached,perpass,block,262144,6000,3,96.256,132.096,34.576,59.765840000000125,36.256,45.968120000000006,13.4,12.0,,,5.446808510638298
P-3060,s2_hostcached,perpass,block,1048576,6000,3,173.056,219.3680000000002,34.656,63.98076000000001,40.86,53.20980000000004,49.4,46.1,,,12.118343195266274
P-3060,s2_hostcached,perpass,block,4194304,6000,3,536.736,690.176,89.28999999999999,209.90852,43.926,61.35696000000002,208.6,194.7,,,15.628927442914208
P-3060,s2_hostcached,perpass,block,16777216,6000,3,1874.944,2252.0396800000003,98.938,220.8788000000005,52.76,93.51272000000002,796.45,905.7,,,17.896231567449483
P-3060,s2_hostcached,perpass,spin,4096,6000,3,65.792,88.07424000000022,31.008,51.18276000000006,34.224,38.58812,0.4,0.3,,,0.12451361867704282
P-3060,s2_hostcached,perpass,spin,65536,6000,3,72.704,100.352,31.076,51.51208000000009,34.228,39.356920000000024,3.5,3.2,,,1.8028169014084512
P-3060,s2_hostcached,perpass,spin,262144,6000,3,92.16,128.0,31.184,54.642840000000064,34.66,40.97652000000001,13.5,12.1,,,5.688888888888889
P-3060,s2_hostcached,perpass,spin,1048576,6000,3,167.072,207.87264000000002,31.416,55.75136000000007,38.976,45.4924,49.1,46.4,,,12.552384600651216
P-3060,s2_hostcached,perpass,spin,4194304,6000,3,479.232,562.1862400000002,51.992,74.7412000000002,42.824,53.73204,191.5,194.9,,,17.504273504273502
P-3060,s2_hostcached,perpass,spin,16777216,6000,3,1829.888,2146.304,54.966,132.90812,48.397999999999996,87.09988000000008,772.5,905.2,,,18.33687744823727
