platform,path,submit,cpuwait,payload_bytes,runs,p50_min,p50_max,p50_median,spread
P-3060,empty,chain,block,0,3,62.464,64.512,62.464,0.03278688524590167
P-3060,empty,chain,spin,0,3,60.416,60.416,60.416,0.0
P-3060,empty,perpass,block,0,3,69.632,71.712,69.856,0.0297755382501145
P-3060,empty,perpass,spin,0,3,66.56,66.56,66.56,0.0
P-3060,s1_copy,chain,block,4096,3,76.0,77.03999999999999,76.288,0.013632550335570367
P-3060,s1_copy,chain,block,65536,3,92.128,93.28,92.64,0.012435233160621773
P-3060,s1_copy,chain,block,262144,3,133.12,135.168,133.12,0.015384615384615398
P-3060,s1_copy,chain,block,1048576,3,313.344,318.464,313.344,0.016339869281045766
P-3060,s1_copy,chain,block,4194304,3,1134.592,1168.384,1159.168,0.029151943462897456
P-3060,s1_copy,chain,block,16777216,3,4027.392,4062.208,4056.064,0.008583690987124528
P-3060,s1_copy,chain,spin,4096,3,72.928,74.048,74.016,0.015131863380890679
P-3060,s1_copy,chain,spin,65536,3,89.12,89.888,89.664,0.00856531049250536
P-3060,s1_copy,chain,spin,262144,3,131.072,132.096,131.072,0.007812500000000007
P-3060,s1_copy,chain,spin,1048576,3,312.32,313.344,312.32,0.003278688524590167
P-3060,s1_copy,chain,spin,4194304,3,1056.768,1090.56,1062.912,0.03179190751445079
P-3060,s1_copy,chain,spin,16777216,3,3921.4080000000004,4090.88,3935.232,0.04306531355711677
P-3060,s1_copy,perpass,block,4096,3,84.768,85.536,84.8,0.009056603773584915
P-3060,s1_copy,perpass,block,65536,3,100.864,101.568,101.28,0.006951026856240062
P-3060,s1_copy,perpass,block,262144,3,143.36,144.384,143.36,0.00714285714285695
P-3060,s1_copy,perpass,block,1048576,3,325.632,339.968,327.68,0.04375000000000004
P-3060,s1_copy,perpass,block,4194304,3,1113.088,1186.816,1155.072,0.06382978723404262
P-3060,s1_copy,perpass,block,16777216,3,4073.472,4130.304,4117.504,0.01380253668241728
P-3060,s1_copy,perpass,spin,4096,3,78.912,80.544,79.264,0.02058942268873626
P-3060,s1_copy,perpass,spin,65536,3,95.008,96.608,95.584,0.016739203213927106
P-3060,s1_copy,perpass,spin,262144,3,137.216,138.24,138.24,0.007407407407407414
P-3060,s1_copy,perpass,spin,1048576,3,316.416,321.536,318.464,0.016077170418006444
P-3060,s1_copy,perpass,spin,4194304,3,1071.104,1104.896,1072.128,0.031518624641833734
P-3060,s1_copy,perpass,spin,16777216,3,3995.648,4061.184,4025.344,0.01628084456881202
P-3060,s2_coherent,chain,block,4096,3,120.832,125.952,121.856,0.042016806722689114
P-3060,s2_coherent,chain,block,65536,3,987.136,1037.424,992.256,0.050680469556243564
P-3060,s2_coherent,chain,block,262144,3,3783.792,3999.744,3910.656,0.05522142576590736
P-3060,s2_coherent,chain,block,1048576,3,14953.008,15648.768,15539.743999999999,0.044772938344415474
P-3060,s2_coherent,chain,block,4194304,3,59898.88,62497.28,61641.728,0.04215326345166705
P-3060,s2_coherent,chain,block,16777216,3,239116.288,249191.472,239271.424,0.04210776126780609
P-3060,s2_coherent,chain,spin,4096,3,115.808,119.808,116.736,0.03426535087719298
P-3060,s2_coherent,chain,spin,65536,3,987.136,1032.192,988.16,0.045595854922279834
P-3060,s2_coherent,chain,spin,262144,3,3777.536,3964.064,3779.584,0.04935146301815221
P-3060,s2_coherent,chain,spin,1048576,3,14936.064,15700.992,14994.432,0.05101413644744928
P-3060,s2_coherent,chain,spin,4194304,3,59850.752,62571.008,59879.936,0.045428505468008536
P-3060,s2_coherent,chain,spin,16777216,3,238976.544,249348.624,238981.12,0.04340125278515732
P-3060,s2_coherent,perpass,block,4096,3,129.024,133.12,129.024,0.03174603174603177
P-3060,s2_coherent,perpass,block,65536,3,996.352,1040.384,996.512,0.04418612119071325
P-3060,s2_coherent,perpass,block,262144,3,3793.92,3969.024,3798.016,0.046104071178215106
P-3060,s2_coherent,perpass,block,1048576,3,14960.64,15657.984,15003.728,0.04647804865564085
P-3060,s2_coherent,perpass,block,4194304,3,59889.664,62522.880000000005,59905.536,0.0439561378768067
P-3060,s2_coherent,perpass,block,16777216,3,239174.65600000002,239705.61599999998,239328.768,0.0022185381408053825
P-3060,s2_coherent,perpass,spin,4096,3,125.952,128.0,126.976,0.01612903225806453
P-3060,s2_coherent,perpass,spin,65536,3,991.232,1034.24,1034.24,0.04158415841584162
P-3060,s2_coherent,perpass,spin,262144,3,3792.896,3962.88,3797.584,0.04476109020893282
P-3060,s2_coherent,perpass,spin,1048576,3,14966.784,15661.568,15000.576,0.046317154754590736
P-3060,s2_coherent,perpass,spin,4194304,3,59792.464,62457.344,59845.632,0.04452923147340139
P-3060,s2_coherent,perpass,spin,16777216,3,239087.616,249088.0,239113.808,0.04182269557599112
P-3060,s2_direct,chain,block,4096,3,62.72,65.536,63.488,0.044354838709677456
P-3060,s2_direct,chain,block,65536,3,67.776,69.632,67.84,0.027358490566037865
P-3060,s2_direct,chain,block,262144,3,83.968,85.024,84.16,0.012547528517110235
P-3060,s2_direct,chain,block,1048576,3,143.36,147.456,145.408,0.028169014084506873
P-3060,s2_direct,chain,block,4194304,3,455.68,473.088,459.776,0.03786191536748333
P-3060,s2_direct,chain,block,16777216,3,1417.44,1472.512,1463.3600000000001,0.037633938333697714
P-3060,s2_direct,chain,spin,4096,3,59.392,60.416,59.392,0.017241379310344723
P-3060,s2_direct,chain,spin,65536,3,63.68,65.536,64.64,0.02871287128712874
P-3060,s2_direct,chain,spin,262144,3,79.872,80.896,80.896,0.012658227848101278
P-3060,s2_direct,chain,spin,1048576,3,141.312,143.36,142.336,0.014388489208633105
P-3060,s2_direct,chain,spin,4194304,3,384.0,410.624,385.024,0.06914893617021282
P-3060,s2_direct,chain,spin,16777216,3,1350.656,1427.472,1358.848,0.056530237377543355
P-3060,s2_direct,perpass,block,4096,3,70.656,72.704,71.68,0.028571428571428397
P-3060,s2_direct,perpass,block,65536,3,75.776,78.848,75.776,0.04054054054054058
P-3060,s2_direct,perpass,block,262144,3,91.136,94.208,92.16,0.03333333333333337
P-3060,s2_direct,perpass,block,1048576,3,152.704,165.10399999999998,163.84,0.07568359374999986
P-3060,s2_direct,perpass,block,4194304,3,467.968,474.112,471.04,0.013043478260869577
P-3060,s2_direct,perpass,block,16777216,3,1425.408,1479.68,1460.2559999999999,0.03716608594657387
P-3060,s2_direct,perpass,spin,4096,3,66.56,67.584,66.64,0.015366146458583446
P-3060,s2_direct,perpass,spin,65536,3,71.68,72.704,72.704,0.01408450704225334
P-3060,s2_direct,perpass,spin,262144,3,88.064,89.152,88.064,0.01235465116279079
P-3060,s2_direct,perpass,spin,1048576,3,149.76,153.6,151.552,0.02533783783783786
P-3060,s2_direct,perpass,spin,4194304,3,405.568,428.128,406.528,0.055494332493702773
P-3060,s2_direct,perpass,spin,16777216,3,1357.824,1488.896,1359.872,0.0963855421686746
P-3060,s2_hostcached,chain,block,4096,3,62.656,64.512,63.584,0.029189733266230523
P-3060,s2_hostcached,chain,block,65536,3,68.672,70.656,69.632,0.028492647058823654
P-3060,s2_hostcached,chain,block,262144,3,88.064,90.4,88.32,0.026449275362318985
P-3060,s2_hostcached,chain,block,1048576,3,160.768,167.072,160.768,0.03921178343949046
P-3060,s2_hostcached,chain,block,4194304,3,514.048,539.648,525.312,0.048732943469785614
P-3060,s2_hostcached,chain,block,16777216,3,1907.792,1983.5520000000001,1920.112,0.03945603173148244
P-3060,s2_hostcached,chain,spin,4096,3,59.392,61.44,59.392,0.034482758620689564
P-3060,s2_hostcached,chain,spin,65536,3,64.576,68.64,66.56,0.06105769230769241
P-3060,s2_hostcached,chain,spin,262144,3,83.968,88.064,83.968,0.04878048780487792
P-3060,s2_hostcached,chain,spin,1048576,3,155.648,162.99200000000002,155.712,0.047163995067817654
P-3060,s2_hostcached,chain,spin,4194304,3,459.936,477.184,470.016,0.03669662309368202
P-3060,s2_hostcached,chain,spin,16777216,3,1741.824,1835.008,1808.384,0.05152887882219704
P-3060,s2_hostcached,perpass,block,4096,3,70.656,71.712,70.816,0.014911884319927663
P-3060,s2_hostcached,perpass,block,65536,3,76.8,77.824,77.824,0.013157894736842117
P-3060,s2_hostcached,perpass,block,262144,3,95.296,98.304,95.424,0.031522468142186406
P-3060,s2_hostcached,perpass,block,1048576,3,169.984,182.272,175.104,0.07017543859649113
P-3060,s2_hostcached,perpass,block,4194304,3,531.456,540.672,538.624,0.017110266159695832
P-3060,s2_hostcached,perpass,block,16777216,3,1814.528,1924.096,1875.968,0.058406113537117894
P-3060,s2_hostcached,perpass,spin,4096,3,65.536,67.584,65.6,0.031219512195121982
P-3060,s2_hostcached,perpass,spin,65536,3,71.68,72.94399999999999,72.704,0.017385563380281438
P-3060,s2_hostcached,perpass,spin,262144,3,91.136,93.184,92.16,0.022222222222222244
P-3060,s2_hostcached,perpass,spin,1048576,3,164.864,169.984,167.072,0.03064547021643366
P-3060,s2_hostcached,perpass,spin,4194304,3,475.136,497.664,476.32,0.04729593550554242
P-3060,s2_hostcached,perpass,spin,16777216,3,1745.9360000000001,1878.656,1832.96,0.072407472067039
